"","Terms","Frequency"
"boots","boots",106
"slippers","slippers",25
"good","good",10
"near","near",10
"uggs","uggs",10
"hiking","hiking",8
"made","made",8
"recurve","recurve",8
"ugg","ugg",8
"waterproof","waterproof",8
"archery","archery",7
"youth","youth",7
"bow","bow",6
"like","like",6
"neverwet","neverwet",6
"stick","stick",6
"vegan","vegan",6
"women's","women's",6
"boot","boot",5
"glove","glove",5
"krista","krista",5
"penthalon","penthalon",5
"shoes","shoes",5
"size","size",5
"arrows","arrows",4
"bows","bows",4
"buy","buy",4
"creed","creed",4
"koolaburra","koolaburra",4
"longbow","longbow",4
"meadow","meadow",4
"reddit","reddit",4
"review","review",4
"sells","sells",4
"snow","snow",4
"stores","stores",4
"wash","wash",4
"washed","washed",4
"womens","womens",4
"alyssa","alyssa",3
"black","black",3
"brand","brand",3
"chart","chart",3
"clean","clean",3
"columbia","columbia",3
"cruelty","cruelty",3
"elle","elle",3
"emma","emma",3
"fletching","fletching",3
"free","free",3
"fur","fur",3
"get","get",3
"hopi","hopi",3
"hunter","hunter",3
"isabella","isabella",3
"luks","luks",3
"mens","mens",3
"merrell","merrell",3
"mohican","mohican",3
"muk","muk",3
"outlet","outlet",3
"quick","quick",3
"sale","sale",3
"sorel","sorel",3
"stockists","stockists",3
"stretch","stretch",3
"tall","tall",3
"tkmaxx","tkmaxx",3
"wet","wet",3
"xxl","xxl",3
"zora","zora",3
"ankle","ankle",2
"bearpaws","bearpaws",2
"better","better",2
"carries","carries",2
"clearance","clearance",2
"code","code",2
"dorothy","dorothy",2
"drew","drew",2
"extreme","extreme",2
"gifts","gifts",2
"grill","grill",2
"jenna","jenna",2
"jig","jig",2
"jolietta","jolietta",2
"kids","kids",2
"lake","lake",2
"lori","lori",2
"quilt","quilt",2
"river","river",2
"sell","sell",2
"short","short",2
"slick","slick",2
"slouch","slouch",2
"sold","sold",2
"toddler","toddler",2
"traditional","traditional",2
"trail","trail",2
"true","true",2
"virginia","virginia",2
"water","water",2
"winter","winter",2
"worn","worn",2
"adventure","adventure",1
"arrow","arrow",1
"babies","babies",1
"bag","bag",1
"band","band",1
"bandit","bandit",1
"blackfoot","blackfoot",1
"block","block",1
"brands","brands",1
"break","break",1
"brewing","brewing",1
"broadheads","broadheads",1
"buttons","buttons",1
"cactus","cactus",1
"canada","canada",1
"care","care",1
"carry","carry",1
"chelsea","chelsea",1
"clamp","clamp",1
"claws","claws",1
"company","company",1
"compared","compared",1
"coupons","coupons",1
"crafts","crafts",1
"crow","crow",1
"cube","cube",1
"deerskin","deerskin",1
"desdemona","desdemona",1
"discount","discount",1
"dorado","dorado",1
"dying","dying",1
"edinburgh","edinburgh",1
"eliana","eliana",1
"ethical","ethical",1
"feather","feather",1
"firestick","firestick",1
"fish","fish",1
"fit","fit",1
"flatbow","flatbow",1
"food","food",1
"footwear","footwear",1
"formation","formation",1
"grey","grey",1
"hamilton","hamilton",1
"hat","hat",1
"heavy","heavy",1
"hero","hero",1
"high","high",1
"hybrid","hybrid",1
"ideal","ideal",1
"infant","infant",1
"inn","inn",1
"insoles","insoles",1
"ireland","ireland",1
"island","island",1
"jacket","jacket",1
"jade","jade",1
"jager","jager",1
"jcpenney","jcpenney",1
"kind","kind",1
"kit","kit",1
"knee","knee",1
"knit","knit",1
"koko","koko",1
"ladies","ladies",1
"lakes","lakes",1
"leilani","leilani",1
"limbs","limbs",1
"lined","lined",1
"located","located",1
"loketta","loketta",1
"loki","loki",1
"long","long",1
"machine","machine",1
"makes","makes",1
"mange","mange",1
"margaret","margaret",1
"maxx","maxx",1
"men","men",1
"men's","men's",1
"menu","menu",1
"mini","mini",1
"moccasins","moccasins",1
"mohawk","mohawk",1
"much","much",1
"natural","natural",1
"need","need",1
"nellie","nellie",1
"nocks","nocks",1
"olympus","olympus",1
"omaha","omaha",1
"order","order",1
"outfitters","outfitters",1
"owns","owns",1
"phylly","phylly",1
"precipice","precipice",1
"product","product",1
"products","products",1
"promo","promo",1
"protector","protector",1
"quality","quality",1
"quilting","quilting",1
"quiver","quiver",1
"qvc","qvc",1
"ray","ray",1
"real","real",1
"redman","redman",1
"redwood","redwood",1
"repellent","repellent",1
"resistant","resistant",1
"resorts","resorts",1
"reviews","reviews",1
"ring","ring",1
"rosaline","rosaline",1
"rosie","rosie",1
"run","run",1
"sandals","sandals",1
"shadow","shadow",1
"sheepskin","sheepskin",1
"ship","ship",1
"sko","sko",1
"slipper","slipper",1
"smell","smell",1
"socks","socks",1
"spray","spray",1
"stain","stain",1
"stone","stone",1
"store","store",1
"string","string",1
"tape","tape",1
"taper","taper",1
"tattoo","tattoo",1
"tool","tool",1
"top","top",1
"tracking","tracking",1
"trapper","trapper",1
"ultra","ultra",1
"usa","usa",1
"victorian","victorian",1
"vinegar","vinegar",1
"washing","washing",1
"whisper","whisper",1
"whitehorse","whitehorse",1
"wide","wide",1
"without","without",1
"world","world",1
"xgp","xgp",1
"yolanda","yolanda",1
"zābaki","zābaki",1
"zappos","zappos",1
"zipper","zipper",1
"zoe","zoe",1
"zulily","zulily",1
